Workbook

Sheet Gantt Chart
A1: Gantt Chart — Cybersecurity Learning Game | C1: สีแท่ง = งวด · แถวตัวหนา = งานหลัก · ◆ Milestone · ★ กิจกรรมพิเศษ | I1: งวด 1 | L1: งวด 2 | P1: งวด 3 | U1: งวด 4A ตัวเกม | Y1: พัก/สำรอง | AD1: งวด 4B รูปเล่ม
A2: รหัส WBS | B2: รายละเอียดงาน | C2: % | D2: งวด | E2: สัปดาห์ เริ่ม–จบ | F2: วันที่เริ่ม | G2: วันที่สิ้นสุด | H2: จำนวน สัปดาห์ | I2: W1 8 ก.ย. | J2: W2 15 ก.ย. | K2: W3 22 ก.ย. | L2: W4 29 ก.ย. | M2: W5 6 ต.ค. | N2: W6 13 ต.ค. | O2: W7 20 ต.ค. | P2: W8 27 ต.ค. | Q2: W9 3 พ.ย. | R2: W10 10 พ.ย. | S2: W11 17 พ.ย. | T2: W12 24 พ.ย. | U2: W13 1 ธ.ค. | V2: W14 8 ธ.ค. | W2: W15 15 ธ.ค. | X2: W16 22 ธ.ค. | Y2: W17 29 ธ.ค. | Z2: W18 5 ม.ค. | AA2: W19 12 ม.ค. | AB2: W20 19 ม.ค. | AC2: W21 26 ม.ค. | AD2: W22 2 ก.พ. | AE2: W23 9 ก.พ. | AF2: W24 16 ก.พ.
A3: M1 | B3: ◆ เอกสารการศึกษาและแผนโครงการเสร็จ (จบงวด 1) | D3: 1 | E3: W3 | F3: 22 ก.ย. 69 | G3: 28 ก.ย. 69 | H3: – | K3: ◆
A4: M2 | B4: ◆ เอกสารออกแบบ แผนประเมิน และต้นแบบเสร็จ (จบงวด 2) | D4: 2 | E4: W7 | F4: 20 ต.ค. 69 | G4: 26 ต.ค. 69 | H4: – | O4: ◆
A5: M3 | B5: ◆ เกมต้นแบบผ่านการตรวจเนื้อหาเสร็จ (จบงวด 3) | D5: 3 | E5: W12 | F5: 24 พ.ย. 69 | G5: 30 พ.ย. 69 | H5: – | T5: ◆
A6: M4 | B6: ◆ เกมเสร็จสมบูรณ์ (จบงวด 4A ตัวเกม) | D6: 4A | E6: W16 | F6: 22 ธ.ค. 69 | G6: 28 ธ.ค. 69 | H6: – | X6: ◆
A7: M5 | B7: ◆ ส่งมอบรูปเล่ม (จบงวด 4B) | D7: 4B | E7: W24 | F7: 16 ก.พ. 70 | G7: 22 ก.พ. 70 | H7: – | AF7: ◆
A8: ★ | B8: ★ นำเสนองาน (กิจกรรมพิเศษ) | D8: 1 | E8: W3 | F8: 24 ก.ย. 69 | G8: 24 ก.ย. 69 | H8: – | K8: ★
A9: 1 | B9: การศึกษาและวางแผนโครงการ | C9: 18 | D9: 1 | E9: W1–W3 | F9: 8 ก.ย. 69 | G9: 28 ก.ย. 69 | H9: 3
A10: 1.1 | B10: ศึกษากลุ่มเป้าหมาย (ม.ปลาย/อุดมศึกษา) | C10: 3 | D10: 1 | E10: W1 | F10: 8 ก.ย. 69 | G10: 14 ก.ย. 69 | H10: 1
A11: 1.2 | B11: ศึกษาปัญหาและพฤติกรรมด้านความปลอดภัยทางไซเบอร์ | C11: 3 | D11: 1 | E11: W1 | F11: 8 ก.ย. 69 | G11: 14 ก.ย. 69 | H11: 1
A12: 1.3 | B12: วิเคราะห์และกำหนดขอบเขตเนื้อหา Cybersecurity | C12: 4 | D12: 1 | E12: W2 | F12: 15 ก.ย. 69 | G12: 21 ก.ย. 69 | H12: 1
A13: 1.4 | B13: กำหนดวัตถุประสงค์และผลลัพธ์การเรียนรู้ | C13: 3 | D13: 1 | E13: W2 | F13: 15 ก.ย. 69 | G13: 21 ก.ย. 69 | H13: 1
A14: 1.5 | B14: กำหนดขอบเขต คุณลักษณะเกม และแผนดำเนินงาน | C14: 3 | D14: 1 | E14: W3 | F14: 22 ก.ย. 69 | G14: 28 ก.ย. 69 | H14: 1
A15: 1.6 | B15: จัดทำแผนการวัดและประเมินผลการเรียนรู้ | C15: 2 | D15: 1 | E15: W3 | F15: 22 ก.ย. 69 | G15: 28 ก.ย. 69 | H15: 1
A16: 2 | B16: การวิเคราะห์และออกแบบเกมและการประเมินผล | C16: 27 | D16: 2 | E16: W4–W7 | F16: 29 ก.ย. 69 | G16: 26 ต.ค. 69 | H16: 4
A17: 2.1 | B17: ออกแบบโครงสร้างและลำดับเนื้อเรื่อง | C17: 5 | D17: 2 | E17: W4 | F17: 29 ก.ย. 69 | G17: 5 ต.ค. 69 | H17: 1
A18: 2.2 | B18: ออกแบบสถานการณ์ด้านความปลอดภัยทางไซเบอร์ | C18: 4 | D18: 2 | E18: W5 | F18: 6 ต.ค. 69 | G18: 12 ต.ค. 69 | H18: 1
A19: 2.3 | B19: ออกแบบทางเลือกและผลกระทบจากการตัดสินใจ | C19: 4 | D19: 2 | E19: W6 | F19: 13 ต.ค. 69 | G19: 19 ต.ค. 69 | H19: 1
A20: 2.4 | B20: ออกแบบตัวละครและบทบาท | C20: 2 | D20: 2 | E20: W4 | F20: 29 ก.ย. 69 | G20: 5 ต.ค. 69 | H20: 1
... A50: 5.4 | B50: นำเสนอและส่งมอบผลงาน | C50: 1 | D50: 4B | E50: W24 | F50: 16 ก.พ. 70 | G50: 22 ก.พ. 70 | H50: 1
A52: คำอธิบายสี
B53: งวด 1 (W1–W3)
B54: งวด 2 (W4–W7)
B55: งวด 3 (W8–W12)
B56: งวด 4A ตัวเกม (W13–W16) และงวด 4B รูปเล่ม (W22–W24)
B57: ช่วงพัก/สำรอง W17–W21 (ห้ามมีงาน)
A59: ⚠ คำเตือน: งานหลัก 2 (การวิเคราะห์และออกแบบเกมและการประเมินผล): ผลรวม % งานย่อย = 29 ไม่ตรงกับ % งานหลัก = 27 (ส่วนต่าง +2) — ไม่ได้แก้ค่า ใช้ตามข้อมูลต้นฉบับ

Sheet สรุปงวดส่งมอบ
A1: สรุปงวดส่งมอบ — Cybersecurity Learning Game
A2: คอลัมน์ 'จำนวนงานย่อย' และ '% งานย่อยรวม' คำนวณด้วยสูตร COUNTIFS/SUMIFS จาก sheet 'ข้อมูล WBS' (อัปเดตอัตโนมัติเมื่อแก้ข้อมูล)
A4: ช่วงงวด | B4: ขอบเขตงาน | C4: สัปดาห์ | D4: วันที่เริ่ม | E4: วันที่สิ้นสุด | F4: จำนวนสัปดาห์ (ตามกรอบ) | G4: จำนวน งานย่อย | H4: % งานย่อยรวม | I4: Milestone | J4: สิ่งส่งมอบหลัก
A5: งวด 1 | B5: การศึกษาและวางแผนโครงการ (งานหลัก 1) | C5: W1–W3 | D5: 8 ก.ย. 69 | E5: 28 ก.ย. 69 | F5: 3 | G5: =COUNTIFS('ข้อมูล WBS'!$B$2:$B$43,"ย่อย",'ข้อมูล WBS'!$F$2:$F$43,$A5) -> 6 | H5: =SUMIFS('ข้อมูล WBS'!$D$2:$D$43,'ข้อมูล WBS'!$B$2:$B$43,"ย่อย",'ข้อมูล WBS'!$F$2:$F$43,$A5) -> 18 | I5: ◆ M1 (W3) | J5: เอกสารการศึกษาและแผนโครงการ
A6: งวด 2 | B6: การวิเคราะห์และออกแบบเกมและการประเมินผล (งานหลัก 2) | C6: W4–W7 | D6: 29 ก.ย. 69 | E6: 26 ต.ค. 69 | F6: 4 | G6: =COUNTIFS('ข้อมูล WBS'!$B$2:$B$43,"ย่อย",'ข้อมูล WBS'!$F$2:$F$43,$A6) -> 11 | H6: =SUMIFS('ข้อมูล WBS'!$D$2:$D$43,'ข้อมูล WBS'!$B$2:$B$43,"ย่อย",'ข้อมูล WBS'!$F$2:$F$43,$A6) -> 29 | I6: ◆ M2 (W7) | J6: เอกสารออกแบบ แผนประเมิน ต้นแบบ
A7: งวด 3 | B7: การตรวจสอบเนื้อหาและพัฒนาเกม (งานหลัก 3) | C7: W8–W12 | D7: 27 ต.ค. 69 | E7: 30 พ.ย. 69 | F7: 5 | G7: =COUNTIFS('ข้อมูล WBS'!$B$2:$B$43,"ย่อย",'ข้อมูล WBS'!$F$2:$F$43,$A7) -> 9 | H7: =SUMIFS('ข้อมูล WBS'!$D$2:$D$43,'ข้อมูล WBS'!$B$2:$B$43,"ย่อย",'ข้อมูล WBS'!$F$2:$F$43,$A7) -> 35 | I7: ◆ M3 (W12) | J7: เกมต้นแบบที่ผ่านตรวจเนื้อหา
A8: งวด 4A | B8: ตัวเกม: ทดลองใช้/วัดประเมิน/ปรับปรุง (4.1–4.7) + เกมฉบับสมบูรณ์ (5.1) | C8: W13–W16 | D8: 1 ธ.ค. 69 | E8: 28 ธ.ค. 69 | F8: 4 | G8: =COUNTIFS('ข้อมูล WBS'!$B$2:$B$43,"ย่อย",'ข้อมูล WBS'!$F$2:$F$43,$A8) -> 8 | H8: =SUMIFS('ข้อมูล WBS'!$D$2:$D$43,'ข้อมูล WBS'!$B$2:$B$43,"ย่อย",'ข้อมูล WBS'!$F$2:$F$43,$A8) -> 17 | I8: ◆ M4 (W16) เกมเสร็จสมบูรณ์ | J8: ผลการทดลอง เกมฉบับปรับปรุง และ Final Game
A9: งวด 4B | B9: รูปเล่ม: คู่มือ รายงาน และส่งมอบ (5.2–5.4) | C9: W22–W24 | D9: 2 ก.พ. 70 | E9: 22 ก.พ. 70 | F9: 3 | G9: =COUNTIFS('ข้อมูล WBS'!$B$2:$B$43,"ย่อย",'ข้อมูล WBS'!$F$2:$F$43,$A9) -> 3 | H9: =SUMIFS('ข้อมูล WBS'!$D$2:$D$43,'ข้อมูล WBS'!$B$2:$B$43,"ย่อย",'ข้อมูล WBS'!$F$2:$F$43,$A9) -> 3 | I9: ◆ M5 (W24) ส่งมอบรูปเล่ม | J9: คู่มือและรายงาน / Assessment Report / Final Delivery
A10: รวม | B10: ทุกช่วงงวด (ไม่รวมช่วงพัก W17–W21) | F10: =SUM(F5:F9) -> 19 | G10: =SUM(G5:G9) -> 37 | H10: =SUM(H5:H9) -> 102
A12: ตรวจสอบความสอดคล้องของ % (ตามงวดใน WBS: งวด 4 = 4A + 4B)
A13: งวด (WBS) | B13: % งานหลักตามแผน | C13: % ผลรวมงานย่อย | D13: ส่วนต่าง | E13: ผลการตรวจ
A14: 1 | B14: =SUMIFS('ข้อมูล WBS'!$D$2:$D$43,'ข้อมูล WBS'!$B$2:$B$43,"งานหลัก",'ข้อมูล WBS'!$E$2:$E$43,$A14) -> 18 | C14: =SUMIFS('ข้อมูล WBS'!$D$2:$D$43,'ข้อมูล WBS'!$B$2:$B$43,"ย่อย",'ข้อมูล WBS'!$E$2:$E$43,$A14) -> 18 | D14: =C14-B14 -> 0 | E14: =IF(D14=0,"✔ ตรงกัน","⚠ ไม่ตรง — ตรวจสอบ WBS") -> ✔ ตรงกัน
A15: 2 | B15: =SUMIFS('ข้อมูล WBS'!$D$2:$D$43,'ข้อมูล WBS'!$B$2:$B$43,"งานหลัก",'ข้อมูล WBS'!$E$2:$E$43,$A15) -> 27 | C15: =SUMIFS('ข้อมูล WBS'!$D$2:$D$43,'ข้อมูล WBS'!$B$2:$B$43,"ย่อย",'ข้อมูล WBS'!$E$2:$E$43,$A15) -> 29 | D15: =C15-B15 -> 2
A16: 3 | B16: =SUMIFS('ข้อมูล WBS'!$D$2:$D$43,'ข้อมูล WBS'!$B$2:$B$43,"งานหลัก",'ข้อมูล WBS'!$E$2:$E$43,$A16) -> 35 | C16: =SUMIFS('ข้อมูล WBS'!$D$2:$D$43,'ข้อมูล WBS'!$B$2:$B$43,"ย่อย",'ข้อมูล WBS'!$E$2:$E$43,$A16) -> 35 | D16: =C16-B16 -> 0 | E16: =IF(D16=0,"✔ ตรงกัน","⚠ ไม่ตรง — ตรวจสอบ WBS") -> ✔ ตรงกัน
A17: 4 | B17: =SUMIFS('ข้อมูล WBS'!$D$2:$D$43,'ข้อมูล WBS'!$B$2:$B$43,"งานหลัก",'ข้อมูล WBS'!$E$2:$E$43,$A17) -> 20 | C17: =SUMIFS('ข้อมูล WBS'!$D$2:$D$43,'ข้อมูล WBS'!$B$2:$B$43,"ย่อย",'ข้อมูล WBS'!$E$2:$E$43,$A17) -> 20 | D17: =C17-B17 -> 0 | E17: =IF(D17=0,"✔ ตรงกัน","⚠ ไม่ตรง — ตรวจสอบ WBS") -> ✔ ตรงกัน
A18: รวม | B18: =SUM(B14:B17) -> 100 | C18: =SUM(C14:C17) -> 102 | D18: =C18-B18 -> 2
A20: หมายเหตุ
A22: • ระยะเวลางานย่อย = (%งานย่อย ÷ %งวด) × จำนวนสัปดาห์ของงวด ปัดแบบปกติ ขั้นต่ำ 1 สัปดาห์ (%งวด 1/2/3/4 = 18/27/35/20)
A23: • สัปดาห์เริ่มของแต่ละงานย่อยเป็นข้อสมมติของผู้จัดทำ (ตามลำดับพึ่งพาที่กำหนด) — ปรับได้ที่ตัวแปร START_WEEK ในสคริปต์

Sheet ข้อมูล WBS
A1: รหัส WBS | B1: ระดับ | C1: รายละเอียดงาน | D1: % | E1: งวด (WBS) | F1: ช่วงงวด | G1: Deliverable | H1: สัปดาห์เริ่ม | I1: สัปดาห์จบ | J1: วันที่เริ่ม | K1: วันที่สิ้นสุด | L1: จำนวนสัปดาห์
A2: 1 | B2: งานหลัก | C2: การศึกษาและวางแผนโครงการ | D2: 18 | E2: 1 | F2: งวด 1 | G2: เอกสารการศึกษาและแผนโครงการ | H2: 1 | I2: 3 | J2: 46273 | K2: 46293 | L2: 3
A3: 1.1 | B3: ย่อย | C3: ศึกษากลุ่มเป้าหมาย (ม.ปลาย/อุดมศึกษา) | D3: 3 | E3: 1 | F3: งวด 1 | G3: ผลการศึกษากลุ่มเป้าหมาย | H3: 1 | I3: 1 | J3: 46273 | K3: 46279 | L3: 1
A4: 1.2 | B4: ย่อย | C4: ศึกษาปัญหาและพฤติกรรมด้านความปลอดภัยทางไซเบอร์ | D4: 3 | E4: 1 | F4: งวด 1 | G4: ผลการวิเคราะห์ปัญหา | H4: 1 | I4: 1 | J4: 46273 | K4: 46279 | L4: 1
A5: 1.3 | B5: ย่อย | C5: วิเคราะห์และกำหนดขอบเขตเนื้อหา Cybersecurity | D5: 4 | E5: 1 | F5: งวด 1 | G5: กรอบเนื้อหา | H5: 2 | I5: 2 | J5: 46280 | K5: 46286 | L5: 1
A6: 1.4 | B6: ย่อย | C6: กำหนดวัตถุประสงค์และผลลัพธ์การเรียนรู้ | D6: 3 | E6: 1 | F6: งวด 1 | G6: Learning Objectives/Outcomes | H6: 2 | I6: 2 | J6: 46280 | K6: 46286 | L6: 1
A7: 1.5 | B7: ย่อย | C7: กำหนดขอบเขต คุณลักษณะเกม และแผนดำเนินงาน | D7: 3 | E7: 1 | F7: งวด 1 | G7: ข้อกำหนดโครงการ | H7: 3 | I7: 3 | J7: 46287 | K7: 46293 | L7: 1
A8: 1.6 | B8: ย่อย | C8: จัดทำแผนการวัดและประเมินผลการเรียนรู้ | D8: 2 | E8: 1 | F8: งวด 1 | G8: Assessment Plan | H8: 3 | I8: 3 | J8: 46287 | K8: 46293 | L8: 1
A9: 2 | B9: งานหลัก | C9: การวิเคราะห์และออกแบบเกมและการประเมินผล | D9: 27 | E9: 2 | F9: งวด 2 | G9: เอกสารออกแบบ แผนประเมิน ต้นแบบ | H9: 4 | I9: 7 | J9: 46294 | K9: 46321 | L9: 4
A10: 2.1 | B10: ย่อย | C10: ออกแบบโครงสร้างและลำดับเนื้อเรื่อง | D10: 5 | E10: 2 | F10: งวด 2 | G10: โครงสร้างเนื้อเรื่อง | H10: 4 | I10: 4 | J10: 46294 | K10: 46300 | L10: 1
A11: 2.2 | B11: ย่อย | C11: ออกแบบสถานการณ์ด้านความปลอดภัยทางไซเบอร์ | D11: 4 | E11: 2 | F11: งวด 2 | G11: รายละเอียดสถานการณ์ | H11: 5 | I11: 5 | J11: 46301 | K11: 46307 | L11: 1
A12: 2.3 | B12: ย่อย | C12: ออกแบบทางเลือกและผลกระทบจากการตัดสินใจ | D12: 4 | E12: 2 | F12: งวด 2 | G12: แผนผังทางเลือก | H12: 6 | I12: 6 | J12: 46308 | K12: 46314 | L12: 1
A13: 2.4 | B13: ย่อย | C13: ออกแบบตัวละครและบทบาท | D13: 2 | E13: 2 | F13: งวด 2 | G13: รายละเอียดตัวละคร | H13: 4 | I13: 4 | J13: 46294 | K13: 46300 | L13: 1
... A43: 5.4 | B43: ย่อย | C43: นำเสนอและส่งมอบผลงาน | D43: 1 | E43: 4 | F43: งวด 4B | G43: Final Delivery | H43: 24 | I43: 24 | J43: 46434 | K43: 46440 | L43: 1
